game_id,game_date,season,season_type,home_team_id,home_team,home_team_name,home_points,home_rebounds,home_turnovers,home_assists,home_steals,home_blocks,home_fg_pct,home_fg3_pct,home_ft_pct,home_off_rebounds,home_def_rebounds,home_fouls,home_plus_minus,away_team_id,away_team,away_team_name,away_points,away_rebounds,away_turnovers,away_assists,away_steals,away_blocks,away_fg_pct,away_fg3_pct,away_ft_pct,away_off_rebounds,away_def_rebounds,away_fouls,away_plus_minus,sport,playoff_game,home_rest_days,away_rest_days,home_streak,away_streak,home_season_win_pct,home_home_win_pct,home_road_win_pct,away_season_win_pct,away_home_win_pct,away_road_win_pct,closing_spread,closing_total
0022200001,2022-10-18,22022,Regular Season,1610612738,BOS,Boston Celtics,126,36,10,24,8,3,0.561,0.343,0.786,6,30,24,9.0,1610612755,PHI,Philadelphia 76ers,117,31,14,16,8,3,0.5,0.382,0.857,4,27,25,-9.0,nba,0,7.0,7.0,0,0,20.0,0.0,0.0,47.0,0.0,0.0,-6.5,243.9
0022200002,2022-10-18,22022,Regular Season,1610612744,GSW,Golden State Warriors,123,48,18,31,11,4,0.455,0.356,0.739,11,37,23,14.0,1610612747,LAL,Los Angeles Lakers,109,48,21,23,12,4,0.426,0.25,0.76,9,39,18,-14.0,nba,0,7.0,7.0,0,0,63.0,0.0,0.0,42.0,0.0,0.0,-14.7,223.4
0022200010,2022-10-19,22022,Regular Season,1610612750,MIN,Minnesota Timberwolves,115,55,14,25,6,5,0.415,0.263,0.818,14,41,21,7.0,1610612760,OKC,Oklahoma City Thunder,108,57,13,22,6,6,0.384,0.311,0.818,16,41,26,-7.0,nba,0,7.0,7.0,0,0,32.0,0.0,0.0,57.0,0.0,0.0,-3.8,221.6
0022200014,2022-10-19,22022,Regular Season,1610612758,SAC,Sacramento Kings,108,41,15,27,8,5,0.459,0.386,0.684,4,37,25,-7.0,1610612757,POR,Portland Trail Blazers,115,44,11,20,11,2,0.443,0.393,0.788,11,33,17,7.0,nba,0,7.0,7.0,0,0,43.0,0.0,0.0,45.0,0.0,0.0,14.6,226.2
0022200005,2022-10-19,22022,Regular Season,1610612737,ATL,Atlanta Hawks,117,38,9,30,12,5,0.5,0.28,0.833,4,34,18,10.0,1610612745,HOU,Houston Rockets,107,54,15,25,4,3,0.429,0.257,0.933,15,39,20,-10.0,nba,0,7.0,7.0,0,0,0.0,0.0,0.0,37.0,0.0,0.0,-11.2,226.9
0022200013,2022-10-19,22022,Regular Season,1610612756,PHX,Phoenix Suns,107,40,12,25,4,5,0.471,0.364,0.864,8,32,29,2.0,1610612742,DAL,Dallas Mavericks,105,40,12,17,6,4,0.467,0.4,0.618,5,35,22,-2.0,nba,0,7.0,7.0,0,0,49.0,0.0,0.0,56.0,0.0,0.0,-3.2,216.0
0022200011,2022-10-19,22022,Regular Season,1610612759,SAS,San Antonio Spurs,102,44,15,22,8,8,0.404,0.206,0.714,14,30,19,-27.0,1610612766,CHA,Charlotte Hornets,129,51,15,26,7,10,0.511,0.448,0.87,14,37,20,27.0,nba,0,7.0,7.0,0,0,22.0,0.0,0.0,59.0,0.0,0.0,34.9,233.3
0022200003,2022-10-19,22022,Regular Season,1610612765,DET,Detroit Pistons,113,41,12,31,11,4,0.426,0.368,0.792,12,29,21,4.0,1610612753,ORL,Orlando Magic,109,48,18,21,5,5,0.488,0.367,0.737,10,38,24,-4.0,nba,0,7.0,7.0,0,0,56.0,0.0,0.0,68.0,0.0,0.0,-0.2,217.9
0022200004,2022-10-19,22022,Regular Season,1610612754,IND,Indiana Pacers,107,42,15,21,7,5,0.402,0.357,0.667,12,30,20,-7.0,1610612764,WAS,Washington Wizards,114,53,16,21,5,10,0.457,0.355,0.792,14,39,19,7.0,nba,0,7.0,7.0,0,0,54.0,0.0,0.0,22.0,0.0,0.0,4.7,216.9
0022200012,2022-10-19,22022,Regular Season,1610612762,UTA,Utah Jazz,123,43,19,27,10,1,0.506,0.421,0.742,11,32,21,21.0,1610612743,DEN,Denver Nuggets,102,35,21,21,10,3,0.482,0.227,0.944,10,25,23,-21.0,nba,0,7.0,7.0,0,0,49.0,0.0,0.0,26.0,0.0,0.0,-18.3,215.4
0022200006,2022-10-19,22022,Regular Season,1610612751,BKN,Brooklyn Nets,108,39,16,22,10,10,0.449,0.303,0.75,9,30,25,-22.0,1610612740,NOP,New Orleans Pelicans,130,61,12,31,9,4,0.49,0.462,0.72,21,40,21,22.0,nba,0,7.0,7.0,0,0,48.0,0.0,0.0,54.0,0.0,0.0,19.7,252.3
0022200007,2022-10-19,22022,Regular Season,1610612748,MIA,Miami Heat,108,46,19,21,6,2,0.463,0.429,0.786,8,38,24,-8.0,1610612741,CHI,Chicago Bulls,116,46,14,23,12,6,0.441,0.361,0.75,12,34,26,8.0,nba,0,7.0,7.0,0,0,24.0,0.0,0.0,44.0,0.0,0.0,5.7,224.1
0022200009,2022-10-19,22022,Regular Season,1610612763,MEM,Memphis Grizzlies,115,64,13,27,6,7,0.389,0.34,0.609,20,44,17,3.0,1610612752,NYK,New York Knicks,112,54,12,28,7,5,0.404,0.243,0.833,18,36,26,-3.0,nba,0,7.0,7.0,0,0,57.0,0.0,0.0,26.0,0.0,0.0,-1.8,225.2
0022200008,2022-10-19,22022,Regular Season,1610612761,TOR,Toronto Raptors,108,41,13,19,15,4,0.419,0.433,0.719,12,29,23,3.0,1610612739,CLE,Cleveland Cavaliers,105,38,17,25,5,5,0.494,0.357,0.826,6,32,21,-3.0,nba,0,7.0,7.0,0,0,65.0,0.0,0.0,31.0,0.0,0.0,-12.6,205.6
0022200016,2022-10-20,22022,Regular Season,1610612747,LAL,Los Angeles Lakers,97,38,10,23,13,5,0.351,0.2,0.846,8,30,24,-6.0,1610612746,LAC,LA Clippers,103,58,22,18,7,7,0.463,0.31,0.645,10,48,24,6.0,nba,0,2.0,7.0,-1,0,0.0,0.0,0.0,19.0,0.0,0.0,-2.6,223.5
0022200015,2022-10-20,22022,Regular Season,1610612755,PHI,Philadelphia 76ers,88,44,10,17,6,5,0.434,0.208,0.846,6,38,14,-2.0,1610612749,MIL,Milwaukee Bucks,90,48,12,24,4,6,0.405,0.31,0.643,7,41,16,2.0,nba,0,2.0,7.0,-1,0,0.0,0.0,0.0,43.0,0.0,0.0,-0.8,169.4
0022200027,2022-10-21,22022,Regular Season,1610612757,POR,Portland Trail Blazers,113,48,18,14,8,5,0.439,0.345,0.861,13,35,19,2.0,1610612756,PHX,Phoenix Suns,111,41,16,31,14,1,0.457,0.37,0.714,9,32,29,-2.0,nba,0,2.0,2.0,1,1,1.0,0.0,1.0,1.0,1.0,0.0,-7.1,220.6
0022200022,2022-10-21,22022,Regular Season,1610612748,MIA,Miami Heat,104,36,9,23,8,3,0.457,0.308,0.8,11,25,18,-7.0,1610612738,BOS,Boston Celtics,111,43,19,17,4,11,0.519,0.424,1.0,12,31,23,7.0,nba,0,2.0,3.0,-1,1,0.0,0.0,0.0,1.0,1.0,0.0,8.6,218.3
0022200019,2022-10-21,22022,Regular Season,1610612764,WAS,Washington Wizards,102,39,16,26,8,8,0.513,0.385,0.909,5,34,22,2.0,1610612741,CHI,Chicago Bulls,100,38,13,19,8,3,0.418,0.259,0.818,10,28,15,-2.0,nba,0,2.0,2.0,1,1,1.0,0.0,1.0,1.0,0.0,1.0,-6.5,206.8
0022200025,2022-10-21,22022,Regular Season,1610612750,MIN,Minnesota Timberwolves,126,60,20,20,5,7,0.458,0.333,0.739,21,39,22,-6.0,1610612762,UTA,Utah Jazz,132,54,13,39,11,8,0.441,0.4,0.667,19,35,23,6.0,nba,0,2.0,2.0,1,1,1.0,1.0,0.0,1.0,1.0,0.0,-1.1,265.7
0022200023,2022-10-21,22022,Regular Season,1610612752,NYK,New York Knicks,130,50,12,29,4,6,0.526,0.421,0.636,11,39,26,24.0,1610612765,DET,Detroit Pistons,106,49,15,26,6,2,0.433,0.25,0.594,13,36,21,-24.0,nba,0,2.0,2.0,-1,1,0.0,0.0,0.0,1.0,1.0,0.0,-16.7,250.5
0022200024,2022-10-21,22022,Regular Season,1610612745,HOU,Houston Rockets,122,45,14,18,4,6,0.473,0.457,0.6,13,32,22,-7.0,1610612763,MEM,Memphis Grizzlies,129,50,12,26,8,10,0.459,0.452,0.69,17,33,21,7.0,nba,0,2.0,2.0,-1,1,0.0,0.0,0.0,1.0,1.0,0.0,5.9,255.0
0022200021,2022-10-21,22022,Regular Season,1610612751,BKN,Brooklyn Nets,109,44,13,26,3,13,0.475,0.371,0.69,13,31,19,4.0,1610612761,TOR,Toronto Raptors,105,41,13,25,9,4,0.488,0.393,0.667,8,33,21,-4.0,nba,0,2.0,2.0,-1,1,0.0,0.0,0.0,1.0,1.0,0.0,-3.7,205.6
0022200018,2022-10-21,22022,Regular Season,1610612754,IND,Indiana Pacers,134,42,16,32,8,6,0.49,0.314,0.955,14,28,34,-3.0,1610612759,SAS,San Antonio Spurs,137,37,17,34,9,4,0.543,0.548,0.727,7,30,22,3.0,nba,0,2.0,2.0,-1,-1,0.0,0.0,0.0,0.0,0.0,0.0,-4.1,268.9
0022200017,2022-10-21,22022,Regular Season,1610612766,CHA,Charlotte Hornets,112,37,13,30,9,4,0.454,0.382,0.786,11,26,24,-12.0,1610612740,NOP,New Orleans Pelicans,124,53,15,23,9,7,0.472,0.364,0.865,15,38,14,12.0,nba,0,2.0,2.0,1,1,1.0,0.0,1.0,1.0,0.0,1.0,9.3,238.5
0022200020,2022-10-21,22022,Regular Season,1610612737,ATL,Atlanta Hawks,108,46,17,26,10,2,0.449,0.419,0.938,9,37,22,10.0,1610612753,ORL,Orlando Magic,98,44,19,16,9,7,0.413,0.235,0.8,10,34,19,-10.0,nba,0,2.0,2.0,1,-1,1.0,1.0,0.0,0.0,0.0,0.0,-9.4,222.5
0022200026,2022-10-21,22022,Regular Season,1610612744,GSW,Golden State Warriors,123,35,18,34,10,3,0.477,0.341,0.889,7,28,23,-5.0,1610612743,DEN,Denver Nuggets,128,41,20,30,10,2,0.535,0.441,0.84,12,29,22,5.0,nba,0,3.0,2.0,1,-1,1.0,1.0,0.0,0.0,0.0,0.0,-0.8,239.8
0022200028,2022-10-22,22022,Regular Season,1610612755,PHI,Philadelphia 76ers,105,40,12,26,6,5,0.44,0.323,0.75,12,28,15,-9.0,1610612759,SAS,San Antonio Spurs,114,43,14,27,5,7,0.483,0.421,0.8,12,31,20,9.0,nba,0,2.0,1.0,-2,1,0.0,0.0,0.0,0.5,0.0,1.0,10.9,228.6
0022200030,2022-10-22,22022,Regular Season,1610612753,ORL,Orlando Magic,120,48,9,21,5,7,0.474,0.441,0.652,12,36,24,-6.0,1610612738,BOS,Boston Celtics,126,37,8,24,5,6,0.483,0.404,0.821,7,30,21,6.0,nba,0,1.0,1.0,-2,2,0.0,0.0,0.0,1.0,1.0,1.0,3.0,247.4
0022200029,2022-10-22,22022,Regular Season,1610612754,IND,Indiana Pacers,124,59,11,28,7,15,0.437,0.381,0.75,20,39,21,9.0,1610612765,DET,Detroit Pistons,115,53,13,26,5,3,0.389,0.429,0.767,17,36,20,-9.0,nba,0,1.0,1.0,-2,-1,0.0,0.0,0.0,0.5,1.0,0.0,-10.5,245.7
0022200036,2022-10-22,22022,Regular Season,1610612758,SAC,Sacramento Kings,109,39,12,24,5,5,0.471,0.4,0.577,9,30,21,-2.0,1610612746,LAC,LA Clippers,111,40,13,24,8,3,0.506,0.409,0.909,5,35,21,2.0,nba,0,3.0,2.0,-1,1,0.0,0.0,0.0,1.0,0.0,1.0,-1.0,219.2
0022200034,2022-10-22,22022,Regular Season,1610612742,DAL,Dallas Mavericks,137,52,15,23,7,7,0.5,0.436,0.833,15,37,24,41.0,1610612763,MEM,Memphis Grizzlies,96,29,17,20,4,8,0.43,0.273,0.792,6,23,29,-41.0,nba,0,3.0,1.0,-1,2,0.0,0.0,0.0,1.0,1.0,1.0,-31.7,226.3
0022200035,2022-10-22,22022,Regular Season,1610612743,DEN,Denver Nuggets,122,46,18,33,5,6,0.494,0.526,0.581,9,37,21,5.0,1610612760,OKC,Oklahoma City Thunder,117,47,12,29,10,5,0.447,0.395,0.783,10,37,27,-5.0,nba,0,1.0,3.0,1,-1,0.5,0.0,0.5,0.0,0.0,0.0,-5.1,245.0
0022200032,2022-10-22,22022,Regular Season,1610612741,CHI,Chicago Bulls,96,35,10,19,12,7,0.405,0.241,0.84,10,25,19,-32.0,1610612739,CLE,Cleveland Cavaliers,128,48,17,32,4,5,0.565,0.593,0.889,8,40,17,32.0,nba,0,1.0,3.0,-1,-1,0.5,0.0,0.5,0.0,0.0,0.0,26.7,229.2
0022200031,2022-10-22,22022,Regular Season,1610612748,MIA,Miami Heat,112,44,15,28,2,2,0.5,0.367,0.926,6,38,26,3.0,1610612761,TOR,Toronto Raptors,109,37,6,24,9,5,0.425,0.359,0.75,8,29,25,-3.0,nba,0,1.0,1.0,-2,-1,0.0,0.0,0.0,0.5,1.0,0.0,1.1,228.8
0022200033,2022-10-22,22022,Regular Season,1610612749,MIL,Milwaukee Bucks,125,47,16,29,6,10,0.565,0.516,0.619,8,39,22,20.0,1610612745,HOU,Houston Rockets,105,47,12,20,9,6,0.387,0.432,0.773,15,32,22,-20.0,nba,0,2.0,1.0,1,-2,1.0,0.0,1.0,0.0,0.0,0.0,-26.1,229.9
0022200037,2022-10-23,22022,Regular Season,1610612747,LAL,Los Angeles Lakers,104,40,13,26,9,9,0.446,0.182,0.8,10,30,24,-2.0,1610612757,POR,Portland Trail Blazers,106,52,19,19,6,5,0.44,0.37,0.815,13,39,20,2.0,nba,0,3.0,2.0,-2,2,0.0,0.0,0.0,1.0,1.0,1.0,3.0,205.2
0022200039,2022-10-23,22022,Regular Season,1610612739,CLE,Cleveland Cavaliers,117,48,13,19,10,5,0.427,0.394,0.88,16,32,20,10.0,1610612764,WAS,Washington Wizards,107,35,18,25,9,4,0.494,0.429,0.6,4,31,24,-10.0,nba,0,1.0,2.0,1,2,0.5,0.0,0.5,1.0,1.0,1.0,-19.8,211.5
0022200040,2022-10-23,22022,Regular Season,1610612740,NOP,New Orleans Pelicans,121,45,17,30,8,6,0.471,0.296,0.773,14,31,22,-4.0,1610612762,UTA,Utah Jazz,122,44,16,29,13,6,0.439,0.342,0.821,15,29,20,4.0,nba,0,2.0,2.0,2,2,1.0,0.0,1.0,1.0,1.0,1.0,-5.6,249.6
0022200042,2022-10-23,22022,Regular Season,1610612744,GSW,Golden State Warriors,130,37,13,24,7,5,0.517,0.424,0.722,6,31,21,5.0,1610612758,SAC,Sacramento Kings,125,51,16,31,10,2,0.47,0.256,0.8,13,38,29,-5.0,nba,0,2.0,1.0,-1,-2,0.5,0.5,0.0,0.0,0.0,0.0,-4.0,258.4
0022200038,2022-10-23,22022,Regular Season,1610612737,ATL,Atlanta Hawks,109,45,12,23,8,9,0.411,0.229,0.821,16,29,21,-17.0,1610612766,CHA,Charlotte Hornets,126,52,13,28,7,6,0.522,0.423,0.7,14,38,24,17.0,nba,0,2.0,2.0,2,-1,1.0,1.0,0.0,0.5,0.0,1.0,20.7,227.3
0022200043,2022-10-23,22022,Regular Season,1610612746,LAC,LA Clippers,95,43,14,16,10,0,0.439,0.281,0.7,9,34,18,-17.0,1610612756,PHX,Phoenix Suns,112,49,12,29,5,3,0.462,0.357,0.917,13,36,18,17.0,nba,0,1.0,2.0,2,-1,1.0,0.0,1.0,0.5,1.0,0.0,17.9,202.7
0022200041,2022-10-23,22022,Regular Season,1610612760,OKC,Oklahoma City Thunder,106,42,11,24,7,4,0.436,0.22,0.714,11,31,15,-10.0,1610612750,MIN,Minnesota Timberwolves,116,54,15,24,9,3,0.523,0.294,0.636,12,42,17,10.0,nba,0,1.0,2.0,-2,-1,0.0,0.0,0.0,0.5,0.5,0.0,9.4,218.3
0022200045,2022-10-24,22022,Regular Season,1610612748,MIA,Miami Heat,90,46,12,19,5,3,0.349,0.235,0.889,8,38,15,-8.0,1610612761,TOR,Toronto Raptors,98,52,12,22,6,6,0.395,0.438,0.8,10,42,22,8.0,nba,0,2.0,2.0,1,-2,0.3333333333333333,0.3333333333333333,0.0,0.3333333333333333,1.0,0.0,6.5,176.1
0022200046,2022-10-24,22022,Regular Season,1610612752,NYK,New York Knicks,115,50,13,24,7,3,0.462,0.297,0.72,18,32,24,13.0,1610612753,ORL,Orlando Magic,102,41,12,14,6,4,0.419,0.2,0.852,13,28,23,-13.0,nba,0,3.0,2.0,1,-3,0.5,1.0,0.0,0.0,0.0,0.0,-20.4,210.5
0022200049,2022-10-24,22022,Regular Season,1610612763,MEM,Memphis Grizzlies,134,38,8,21,7,3,0.5,0.471,0.774,12,26,22,10.0,1610612751,BKN,Brooklyn Nets,124,35,11,27,4,7,0.54,0.31,0.808,9,26,30,-10.0,nba,0,2.0,3.0,-1,1,0.6666666666666666,1.0,0.5,0.5,0.5,0.0,-13.6,248.9
0022200044,2022-10-24,22022,Regular Season,1610612755,PHI,Philadelphia 76ers,120,39,7,25,8,7,0.475,0.442,0.893,7,32,20,14.0,1610612754,IND,Indiana Pacers,106,47,13,27,3,4,0.422,0.273,0.783,14,33,23,-14.0,nba,0,2.0,2.0,-3,1,0.0,0.0,0.0,0.3333333333333333,0.3333333333333333,0.0,-16.3,222.7
0022200051,2022-10-24,22022,Regular Season,1610612757,POR,Portland Trail Blazers,135,45,8,23,3,6,0.578,0.457,0.742,9,36,15,25.0,1610612743,DEN,Denver Nuggets,110,38,8,28,4,1,0.495,0.387,0.571,10,28,28,-25.0,nba,0,1.0,2.0,3,2,1.0,1.0,1.0,0.6666666666666666,1.0,0.5,-19.7,239.1
0022200050,2022-10-24,22022,Regular Season,1610612750,MIN,Minnesota Timberwolves,106,50,16,24,7,5,0.442,0.258,0.917,10,40,18,-9.0,1610612759,SAS,San Antonio Spurs,115,50,13,37,11,0,0.457,0.324,0.538,14,36,21,9.0,nba,0,1.0,2.0,1,2,0.6666666666666666,0.5,1.0,0.6666666666666666,0.0,1.0,10.7,208.0
0022200047,2022-10-24,22022,Regular Season,1610612741,CHI,Chicago Bulls,120,60,13,29,4,6,0.483,0.476,0.897,14,46,18,18.0,1610612738,BOS,Boston Celtics,102,45,10,26,5,7,0.37,0.375,0.833,14,31,24,-18.0,nba,0,2.0,2.0,-2,3,0.3333333333333333,0.0,0.5,1.0,1.0,1.0,-26.8,238.2
0022200048,2022-10-24,22022,Regular Season,1610612745,HOU,Houston Rockets,114,47,15,17,7,7,0.422,0.314,0.844,17,30,20,6.0,1610612762,UTA,Utah Jazz,108,49,20,23,8,10,0.473,0.344,0.563,18,31,27,-6.0,nba,0,2.0,1.0,-3,3,0.0,0.0,0.0,1.0,1.0,1.0,-4.4,232.0
0022200053,2022-10-25,22022,Regular Season,1610612740,NOP,New Orleans Pelicans,113,26,14,25,7,3,0.579,0.444,0.722,4,22,21,2.0,1610612742,DAL,Dallas Mavericks,111,37,11,18,8,5,0.5,0.308,0.708,11,26,16,-2.0,nba,0,2.0,3.0,-1,1,0.6666666666666666,0.0,1.0,0.5,1.0,0.0,-3.9,217.8
0022200055,2022-10-25,22022,Regular Season,1610612756,PHX,Phoenix Suns,134,48,13,31,8,4,0.511,0.414,0.824,14,34,19,29.0,1610612744,GSW,Golden State Warriors,105,40,13,28,7,7,0.451,0.286,0.765,10,30,28,-29.0,nba,0,2.0,2.0,1,1,0.6666666666666666,1.0,0.5,0.6666666666666666,0.6666666666666666,0.0,-32.4,241.2
0022200052,2022-10-25,22022,Regular Season,1610612764,WAS,Washington Wizards,120,47,11,26,7,7,0.518,0.303,0.846,9,38,21,21.0,1610612765,DET,Detroit Pistons,99,41,13,12,6,1,0.409,0.286,0.76,11,30,26,-21.0,nba,0,2.0,3.0,-1,-2,0.6666666666666666,1.0,0.5,0.3333333333333333,1.0,0.0,-17.9,222.3
0022200054,2022-10-25,22022,Regular Season,1610612760,OKC,Oklahoma City Thunder,108,60,5,19,12,8,0.382,0.133,0.8,21,39,13,14.0,1610612746,LAC,LA Clippers,94,47,18,21,5,14,0.422,0.323,0.778,7,40,18,-14.0,nba,0,2.0,2.0,-3,-1,0.0,0.0,0.0,0.6666666666666666,0.0,1.0,-8.8,211.5
0022200057,2022-10-26,22022,Regular Season,1610612765,DET,Detroit Pistons,113,40,13,23,4,6,0.462,0.438,0.682,10,30,25,-5.0,1610612737,ATL,Atlanta Hawks,118,46,12,22,6,12,0.495,0.364,0.8,10,36,20,5.0,nba,0,1.0,3.0,-3,-1,0.25,1.0,0.0,0.6666666666666666,0.6666666666666666,0.0,9.7,224.5
0022200060,2022-10-26,22022,Regular Season,1610612749,MIL,Milwaukee Bucks,110,54,18,21,8,12,0.443,0.278,0.759,14,40,22,11.0,1610612751,BKN,Brooklyn Nets,99,37,14,23,7,6,0.395,0.259,0.8,7,30,24,-11.0,nba,0,4.0,2.0,2,-1,1.0,1.0,1.0,0.3333333333333333,0.5,0.0,-15.2,217.7
0022200056,2022-10-26,22022,Regular Season,1610612739,CLE,Cleveland Cavaliers,103,43,12,25,6,3,0.414,0.303,0.7,12,31,22,11.0,1610612753,ORL,Orlando Magic,92,43,16,19,6,6,0.432,0.25,0.762,10,33,29,-11.0,nba,0,3.0,2.0,2,-4,0.6666666666666666,1.0,0.5,0.0,0.0,0.0,-12.5,190.6
0022200062,2022-10-26,22022,Regular Season,1610612750,MIN,Minnesota Timberwolves,134,30,16,37,9,6,0.65,0.588,0.625,0,30,19,12.0,1610612759,SAS,San Antonio Spurs,122,41,16,34,6,2,0.453,0.444,0.909,14,27,18,-12.0,nba,0,2.0,2.0,-1,3,0.5,0.3333333333333333,1.0,0.75,0.0,1.0,-10.3,245.3
0022200059,2022-10-26,22022,Regular Season,1610612761,TOR,Toronto Raptors,119,39,9,32,9,5,0.548,0.432,0.786,6,33,21,10.0,1610612755,PHI,Philadelphia 76ers,109,34,12,29,6,2,0.506,0.444,0.684,4,30,12,-10.0,nba,0,2.0,2.0,1,1,0.5,1.0,0.3333333333333333,0.25,0.3333333333333333,0.0,-5.1,233.8
0022200064,2022-10-26,22022,Regular Season,1610612743,DEN,Denver Nuggets,110,54,11,34,12,5,0.457,0.265,0.81,9,45,17,11.0,1610612747,LAL,Los Angeles Lakers,99,47,14,25,8,4,0.444,0.267,0.688,7,40,16,-11.0,nba,0,2.0,3.0,-1,-3,0.5,1.0,0.3333333333333333,0.0,0.0,0.0,-13.4,219.3
0022200063,2022-10-26,22022,Regular Season,1610612762,UTA,Utah Jazz,109,53,15,28,11,5,0.422,0.289,0.667,11,42,28,8.0,1610612745,HOU,Houston Rockets,101,49,19,19,7,2,0.383,0.275,0.75,14,35,30,-8.0,nba,0,2.0,2.0,-1,1,0.75,1.0,0.6666666666666666,0.25,0.5,0.0,-8.9,230.7
0022200058,2022-10-26,22022,Regular Season,1610612752,NYK,New York Knicks,134,46,16,26,5,11,0.536,0.367,0.864,12,34,24,3.0,1610612766,CHA,Charlotte Hornets,131,42,15,31,9,5,0.495,0.419,0.667,9,33,24,-3.0,nba,0,2.0,3.0,2,1,0.6666666666666666,1.0,0.0,0.6666666666666666,0.0,1.0,-8.5,255.4
0022200061,2022-10-26,22022,Regular Season,1610612741,CHI,Chicago Bulls,124,44,17,34,10,5,0.494,0.533,0.917,9,35,25,15.0,1610612754,IND,Indiana Pacers,109,38,16,31,5,12,0.43,0.4,0.792,6,32,18,-15.0,nba,0,2.0,2.0,1,-1,0.5,0.5,0.5,0.25,0.3333333333333333,0.0,-21.0,238.6
0022200065,2022-10-26,22022,Regular Season,1610612757,POR,Portland Trail Blazers,98,38,19,20,9,4,0.436,0.324,0.692,11,27,17,-21.0,1610612748,MIA,Miami Heat,119,46,16,34,13,2,0.506,0.395,0.842,15,31,22,21.0,nba,0,2.0,2.0,4,-1,1.0,1.0,1.0,0.25,0.25,0.0,25.1,213.7
0022200067,2022-10-27,22022,Regular Season,1610612760,OKC,Oklahoma City Thunder,118,36,11,27,10,4,0.495,0.447,0.875,13,23,21,8.0,1610612746,LAC,LA Clippers,110,44,19,21,6,5,0.537,0.321,0.722,10,34,17,-8.0,nba,0,2.0,2.0,1,-2,0.25,0.5,0.0,0.5,0.0,0.6666666666666666,-1.2,234.3
0022200068,2022-10-27,22022,Regular Season,1610612744,GSW,Golden State Warriors,123,50,19,30,4,2,0.5,0.391,0.867,16,34,13,13.0,1610612748,MIA,Miami Heat,110,31,12,25,16,5,0.443,0.326,0.818,8,23,15,-13.0,nba,0,2.0,1.0,-1,1,0.5,0.6666666666666666,0.0,0.4,0.25,1.0,-13.4,221.2
0022200066,2022-10-27,22022,Regular Season,1610612751,BKN,Brooklyn Nets,125,45,13,20,10,6,0.462,0.343,0.9,13,32,28,-4.0,1610612742,DAL,Dallas Mavericks,129,37,17,25,8,4,0.506,0.5,0.771,7,30,23,4.0,nba,0,1.0,2.0,-2,-1,0.25,0.5,0.0,0.3333333333333333,1.0,0.0,9.0,243.9
0022200069,2022-10-27,22022,Regular Season,1610612758,SAC,Sacramento Kings,110,40,13,28,5,2,0.482,0.316,0.818,9,31,20,-15.0,1610612763,MEM,Memphis Grizzlies,125,43,12,27,5,3,0.533,0.424,0.722,11,32,18,15.0,nba,0,4.0,3.0,-3,1,0.0,0.0,0.0,0.75,1.0,0.5,16.8,228.8
0022200073,2022-10-28,22022,Regular Season,1610612761,TOR,Toronto Raptors,90,45,17,20,9,5,0.384,0.231,0.625,15,30,15,-22.0,1610612755,PHI,Philadelphia 76ers,112,41,14,25,11,6,0.524,0.421,0.909,7,34,20,22.0,nba,0,2.0,2.0,2,-1,0.6,1.0,0.3333333333333333,0.2,0.3333333333333333,0.0,18.8,202.6
0022200077,2022-10-28,22022,Regular Season,1610612759,SAS,San Antonio Spurs,129,42,20,37,7,3,0.535,0.421,0.808,8,34,17,5.0,1610612741,CHI,Chicago Bulls,124,42,12,20,13,3,0.475,0.333,0.808,15,27,19,-5.0,nba,0,2.0,2.0,-1,2,0.6,0.0,0.75,0.6,0.6666666666666666,0.5,-3.2,247.9
0022200080,2022-10-28,22022,Regular Season,1610612757,POR,Portland Trail Blazers,125,45,15,30,9,6,0.533,0.371,0.8,11,34,19,14.0,1610612745,HOU,Houston Rockets,111,39,15,23,10,6,0.426,0.368,0.81,13,26,18,-14.0,nba,0,2.0,2.0,-1,-1,0.8,0.6666666666666666,1.0,0.2,0.5,0.0,-6.3,241.3
0022200072,2022-10-28,22022,Regular Season,1610612738,BOS,Boston Celtics,123,34,19,28,9,2,0.512,0.394,0.813,5,29,27,-9.0,1610612739,CLE,Cleveland Cavaliers,132,42,15,18,5,2,0.517,0.457,0.765,9,33,28,9.0,nba,0,4.0,2.0,-1,3,0.75,1.0,0.6666666666666666,0.75,1.0,0.5,8.8,263.2
0022200074,2022-10-28,22022,Regular Season,1610612764,WAS,Washington Wizards,117,38,13,25,5,3,0.477,0.4,0.821,9,29,23,-10.0,1610612754,IND,Indiana Pacers,127,41,13,30,4,7,0.506,0.517,0.909,5,36,19,10.0,nba,0,3.0,2.0,1,-2,0.75,1.0,0.5,0.2,0.3333333333333333,0.0,17.8,248.8
0022200079,2022-10-28,22022,Regular Season,1610612756,PHX,Phoenix Suns,124,47,12,33,7,7,0.522,0.303,0.9,14,33,18,13.0,1610612740,NOP,New Orleans Pelicans,111,33,13,25,10,1,0.442,0.405,0.909,9,24,21,-13.0,nba,0,3.0,3.0,2,1,0.75,1.0,0.5,0.75,0.5,1.0,-26.1,248.0
0022200071,2022-10-28,22022,Regular Season,1610612753,ORL,Orlando Magic,113,48,12,28,8,5,0.494,0.27,0.731,5,43,22,20.0,1610612766,CHA,Charlotte Hornets,93,47,14,21,3,4,0.384,0.289,0.667,10,37,18,-20.0,nba,0,2.0,2.0,-5,-1,0.0,0.0,0.0,0.5,0.0,0.6666666666666666,-15.9,209.3
0022200070,2022-10-28,22022,Regular Season,1610612765,DET,Detroit Pistons,112,42,10,18,2,4,0.43,0.219,0.816,14,28,22,-24.0,1610612737,ATL,Atlanta Hawks,136,45,6,31,5,8,0.567,0.414,0.778,10,35,26,24.0,nba,0,2.0,2.0,-4,1,0.2,0.5,0.0,0.75,0.6666666666666666,1.0,24.4,238.3
0022200076,2022-10-28,22022,Regular Season,1610612750,MIN,Minnesota Timberwolves,111,49,10,27,13,8,0.414,0.325,0.667,14,35,21,9.0,1610612747,LAL,Los Angeles Lakers,102,55,22,20,8,5,0.416,0.31,0.704,12,43,21,-9.0,nba,0,2.0,2.0,1,-4,0.6,0.5,1.0,0.0,0.0,0.0,-10.5,223.9
0022200078,2022-10-28,22022,Regular Season,1610612743,DEN,Denver Nuggets,117,58,12,18,2,4,0.459,0.459,0.647,17,41,18,16.0,1610612762,UTA,Utah Jazz,101,38,9,24,7,8,0.418,0.256,0.789,8,30,30,-16.0,nba,0,2.0,2.0,1,1,0.6,1.0,0.3333333333333333,0.8,1.0,0.6666666666666666,-15.5,213.2
0022200075,2022-10-28,22022,Regular Season,1610612749,MIL,Milwaukee Bucks,119,60,6,23,8,8,0.385,0.289,0.815,19,41,23,11.0,1610612752,NYK,New York Knicks,108,54,12,19,6,5,0.398,0.343,0.688,13,41,19,-11.0,nba,0,2.0,2.0,3,3,1.0,1.0,1.0,0.75,1.0,0.0,-20.9,234.3
0022200083,2022-10-29,22022,Regular Season,1610612751,BKN,Brooklyn Nets,116,34,9,29,6,9,0.5,0.359,0.769,6,28,20,-9.0,1610612754,IND,Indiana Pacers,125,53,10,31,7,1,0.426,0.5,0.846,17,36,25,9.0,nba,0,2.0,1.0,-3,1,0.2,0.3333333333333333,0.0,0.3333333333333333,0.3333333333333333,0.3333333333333333,7.9,253.6
0022200087,2022-10-29,22022,Regular Season,1610612762,UTA,Utah Jazz,124,34,19,30,8,6,0.517,0.432,0.75,10,24,17,1.0,1610612763,MEM,Memphis Grizzlies,123,40,20,24,11,5,0.568,0.444,0.733,10,30,26,-1.0,nba,0,1.0,2.0,-1,2,0.6666666666666666,1.0,0.5,0.8,1.0,0.6666666666666666,0.8,250.7
0022200084,2022-10-29,22022,Regular Season,1610612741,CHI,Chicago Bulls,109,40,18,22,7,3,0.45,0.355,0.897,9,31,20,-5.0,1610612755,PHI,Philadelphia 76ers,114,41,17,28,8,6,0.494,0.483,0.815,8,33,22,5.0,nba,0,1.0,1.0,-1,1,0.5,0.6666666666666666,0.3333333333333333,0.3333333333333333,0.3333333333333333,0.3333333333333333,12.4,211.0
0022200081,2022-10-29,22022,Regular Season,1610612758,SAC,Sacramento Kings,119,43,20,27,1,6,0.553,0.452,0.724,6,37,29,6.0,1610612748,MIA,Miami Heat,113,34,8,18,7,3,0.427,0.393,0.839,9,25,25,-6.0,nba,0,2.0,2.0,-4,-1,0.0,0.0,0.0,0.3333333333333333,0.25,0.5,-8.6,224.7
0022200082,2022-10-29,22022,Regular Season,1610612766,CHA,Charlotte Hornets,120,55,10,32,2,2,0.422,0.323,0.774,15,40,14,7.0,1610612744,GSW,Golden State Warriors,113,49,10,31,8,6,0.44,0.295,0.75,10,39,31,-7.0,nba,0,1.0,2.0,-2,1,0.4,0.0,0.5,0.6,0.75,0.0,-11.0,243.6
0022200086,2022-10-29,22022,Regular Season,1610612742,DAL,Dallas Mavericks,111,49,16,17,8,5,0.4,0.2,0.794,12,37,30,-6.0,1610612760,OKC,Oklahoma City Thunder,117,47,15,25,9,6,0.494,0.2,0.774,9,38,29,6.0,nba,0,2.0,2.0,1,2,0.5,1.0,0.3333333333333333,0.4,0.6666666666666666,0.0,3.5,226.6
0022200085,2022-10-29,22022,Regular Season,1610612749,MIL,Milwaukee Bucks,123,49,11,24,8,5,0.489,0.389,0.655,14,35,18,8.0,1610612737,ATL,Atlanta Hawks,115,42,12,19,5,2,0.479,0.448,0.8,12,30,23,-8.0,nba,0,1.0,1.0,4,2,1.0,1.0,1.0,0.8,0.6666666666666666,1.0,-3.4,238.6
0022200092,2022-10-30,22022,Regular Season,1610612759,SAS,San Antonio Spurs,107,52,19,27,6,7,0.419,0.4,0.76,14,38,21,9.0,1610612750,MIN,Minnesota Timberwolves,98,45,11,21,11,7,0.404,0.138,0.7,16,29,23,-9.0,nba,0,2.0,2.0,1,2,0.6666666666666666,0.5,0.75,0.6666666666666666,0.6,1.0,-7.4,211.1
0022200093,2022-10-30,22022,Regular Season,1610612742,DAL,Dallas Mavericks,114,37,4,15,10,1,0.494,0.314,0.75,5,32,22,9.0,1610612753,ORL,Orlando Magic,105,47,12,20,2,5,0.457,0.379,0.741,11,36,23,-9.0,nba,0,1.0,2.0,-1,1,0.4,0.5,0.3333333333333333,0.16666666666666666,0.5,0.0,-11.6,224.6
0022200088,2022-10-30,22022,Regular Season,1610612746,LAC,LA Clippers,91,39,14,24,3,6,0.419,0.282,0.615,8,31,15,-21.0,1610612740,NOP,New Orleans Pelicans,112,50,10,32,9,1,0.495,0.417,0.625,12,38,15,21.0,nba,0,3.0,2.0,-3,-1,0.4,0.0,0.5,0.6,0.5,0.6666666666666666,23.6,205.2
0022200089,2022-10-30,22022,Regular Season,1610612738,BOS,Boston Celtics,112,47,13,29,4,5,0.456,0.447,0.95,4,43,15,18.0,1610612764,WAS,Washington Wizards,94,51,8,22,5,6,0.388,0.219,0.688,15,36,20,-18.0,nba,0,2.0,2.0,-2,-1,0.6,0.5,0.6666666666666666,0.6,0.6666666666666666,0.5,-17.5,204.3
0022200095,2022-10-30,22022,Regular Season,1610612747,LAL,Los Angeles Lakers,121,51,8,24,5,5,0.479,0.433,0.8,13,38,17,11.0,1610612743,DEN,Denver Nuggets,110,48,9,24,3,8,0.427,0.375,0.722,13,35,15,-11.0,nba,0,2.0,2.0,-5,2,0.0,0.0,0.0,0.6666666666666666,1.0,0.3333333333333333,-6.2,228.5
0022200090,2022-10-30,22022,Regular Season,1610612739,CLE,Cleveland Cavaliers,121,43,14,33,3,5,0.461,0.46,0.842,10,33,22,13.0,1610612752,NYK,New York Knicks,108,45,14,26,9,2,0.489,0.37,0.5,12,33,25,-13.0,nba,0,2.0,2.0,4,-1,0.8,1.0,0.6666666666666666,0.6,1.0,0.0,-16.5,235.9
0022200094,2022-10-30,22022,Regular Season,1610612756,PHX,Phoenix Suns,124,36,11,29,9,8,0.536,0.3,0.733,10,26,22,15.0,1610612745,HOU,Houston Rockets,109,49,15,18,7,1,0.437,0.324,0.846,17,32,25,-15.0,nba,0,2.0,2.0,3,-2,0.8,1.0,0.5,0.16666666666666666,0.5,0.0,-16.6,237.4
0022200091,2022-10-30,22022,Regular Season,1610612765,DET,Detroit Pistons,128,47,15,24,4,3,0.482,0.424,0.895,12,35,25,14.0,1610612744,GSW,Golden State Warriors,114,42,14,23,8,4,0.424,0.308,0.96,13,29,24,-14.0,nba,0,2.0,1.0,-5,-1,0.16666666666666666,0.3333333333333333,0.0,0.5,0.75,0.0,-16.0,239.9
0022200100,2022-10-31,22022,Regular Season,1610612749,MIL,Milwaukee Bucks,110,50,16,20,5,5,0.437,0.275,0.793,14,36,21,2.0,1610612765,DET,Detroit Pistons,108,43,12,19,9,3,0.446,0.276,0.857,13,30,24,-2.0,nba,0,2.0,1.0,5,1,1.0,1.0,1.0,0.2857142857142857,0.5,0.0,-9.3,226.7
0022200096,2022-10-31,22022,Regular Season,1610612766,CHA,Charlotte Hornets,108,38,20,31,11,6,0.512,0.483,0.571,6,32,26,-7.0,1610612758,SAC,Sacramento Kings,115,42,19,26,8,4,0.435,0.386,0.857,10,32,19,7.0,nba,0,2.0,2.0,1,1,0.5,0.5,0.5,0.2,0.25,0.0,8.5,222.0
0022200101,2022-10-31,22022,Regular Season,1610612762,UTA,Utah Jazz,121,48,15,26,10,6,0.472,0.404,0.818,11,37,30,16.0,1610612763,MEM,Memphis Grizzlies,105,52,16,14,8,4,0.413,0.231,0.548,18,34,17,-16.0,nba,0,2.0,2.0,1,-1,0.7142857142857143,1.0,0.5,0.6666666666666666,1.0,0.5,-14.7,219.2
0022200097,2022-10-31,22022,Regular Season,1610612764,WAS,Washington Wizards,111,41,15,22,8,4,0.469,0.4,0.962,9,32,18,-7.0,1610612755,PHI,Philadelphia 76ers,118,37,13,26,14,3,0.554,0.4,0.7,4,33,20,7.0,nba,0,1.0,2.0,-2,2,0.5,0.6666666666666666,0.3333333333333333,0.42857142857142855,0.3333333333333333,0.5,7.0,222.9
0022200099,2022-10-31,22022,Regular Season,1610612761,TOR,Toronto Raptors,139,44,6,25,13,9,0.5,0.412,0.825,12,32,22,30.0,1610612737,ATL,Atlanta Hawks,109,37,18,28,1,4,0.464,0.379,0.8,7,30,27,-30.0,nba,0,3.0,2.0,-1,-1,0.5,0.6666666666666666,0.3333333333333333,0.6666666666666666,0.6666666666666666,0.6666666666666666,-31.2,240.2
